Building Name,Occupancy,Address,Structural System,Number of Stories,Area,Longitude,Latitude,PGA
450 Folsom [Transbay Block 8],Residential,450 Folsom Street,Unknown,Unknown,4.7227164433822106E-7,-122.394933364,37.78782009,0.515
Park Tower [Transbay Block 5],"Office (Management, Information, Professional Services)",250 Howard Street,RC Shear Wall,45,2.685865008365523E-7,-122.39469904800002,37.790419474,0.512
33 Tehama Street,Residential,33 Tehama Street,RC Shear Wall,34,1.8332720773302768E-7,-122.395870224,37.787440706,0.517
340 Fremont Street,Residential,340 Fremont Street,RC Shear Wall,42,1.9986015611898653E-7,-122.39281338699999,37.78679485,0.514
Oceanwide Center II,Residential,526 Mission Street,RC Shear Wall,54,1.3428554857703483E-7,-122.39840561300001,37.789663433,0.518
350 Mission Street,"Office (Management, Information, Professional Services)",350 Mission Street,RC Shear Wall,30,1.6967575321855257E-7,-122.396684284,37.790630217,0.514
Oceanwide Center I,Mixed Uses (With Residential),50 1st Street,RC Shear Wall,61,2.0143561585045153E-7,-122.39884409499999,37.790311077,0.518
Solaire (Transbay Block 6),Residential,299 Fremont Street,RC Shear Wall,33,1.1954305375707647E-7,-122.39361372,37.788194573,0.513
Folsom Bay Tower [Transbay Block 1],Residential,160 Folsom Street,RC Shear Wall,40,3.443832882179721E-7,-122.391818689,37.789543853,0.509
1500 Mission - Residential,Residential,1500 Mission Street,RC Shear Wall,39,4.3928190691860594E-7,-122.41805398399998,37.77433514,0.572
Salesforce Tower,"Office (Management, Information, Professional Services)",415 Mission Street,RC Shear Wall,61,3.321302115970703E-7,-122.39687036999999,37.789473917,0.516
33 8th at Trinity Place Apartments,"Office (Management, Information, Professional Services)",33 8th Street,RC Shear Wall,19,6.999255387555566E-7,-122.41338805000001,37.777794822,0.558
1500 Mission - Office,"Office (Management, Information, Professional Services)",1500 Mission Street,RC Shear Wall,19,5.032454561630007E-7,-122.41799612100002,37.774864585,0.571
181 Fremont,Mixed Uses (With Residential),181 Fremont Street,Steel Braced Frame,58,1.4003349039844993E-7,-122.395045592,37.789707111,0.513
500 Folsom,Residential,500 Folsom Street,RC Shear Wall,42,9.503497558800389E-8,-122.39506555299998,37.787015086,0.517
350 Bush Street,"Office (Management, Information, Professional Services)",350 Bush Street,RC Shear Wall,21,2.980074880802184E-7,-122.40343480100002,37.790934745,0.524
399 Fremont Street,Residential,399 Fremont Street,RC Shear Wall,42,3.4037245901625376E-7,-122.392118458,37.786916213,0.513
222 2nd Street,"Office (Management, Information, Professional Services)",222 2nd Street,Steel Braced Frame,26,1.9343890784023564E-7,-122.398296563,37.786634408,0.522
NEMA North Tower,Residential,1411 Market Street,RC Shear Wall,39,1.6710496001128047E-7,-122.417380796,37.776222472,0.568
535 Mission Street,"Office (Management, Information, Professional Services)",535 Mission Street,Steel Braced Frame,27,1.3334140396374518E-7,-122.39807833900001,37.788651504,0.519
Ava 55 Ninth,Residential,55 9th Street,RC Shear Wall,18,1.613446937955284E-7,-122.415232623,37.776811167,0.563
Jasper,Residential,45 Lansing Street,RC Shear Wall,40,1.3243064835828072E-7,-122.39356355,37.785943332,0.516
1190 Mission at Trinity Place Apartments,Mixed Uses (With Residential),1190 Mission Street,RC Shear Wall,22,1.2484904354408828E-7,-122.413167865,37.777628878,0.558
LUMINA II,Residential,338 Main Street,RC Shear Wall,37,1.0720160690621855E-7,-122.39150120099998,37.788507922,0.51
LUMINA I,Residential,301 Beale Street,RC Shear Wall,42,1.4490250759814973E-7,-122.392218846,37.788425954,0.511
SF PUC Headquarters,"Office (Management, Information, Professional Services)",525 Golden Gate Avenue,RC Shear Wall,15,1.8871946817826863E-7,-122.41890758100001,37.781123654000005,0.562
One Rincon Hill South,Residential,425 1st Street,RC Shear Wall,56,1.4984675089238934E-7,-122.39200097700001,37.785588382,0.514
One Hawthorne Street,Residential,1 Hawthorne Street,RC Shear Wall,25,9.29055921046105E-8,-122.398807927,37.785570213,0.524
706 Mission Street,Mixed Uses (With Residential),706 Mission Street,RC Shear Wall,44,1.1067565200428706E-7,-122.403126765,37.78602212,0.53
1188 Mission at Trinity Place Apartments,Residential,1188 Mission Street,RC Shear Wall,24,1.2831672123831753E-7,-122.41261257800001,37.778048502,0.557
Millenium Tower,Residential,301 Mission Street,RC Shear Wall,58,1.3981203012059514E-7,-122.396108241,37.790162691,0.514
555 Mission St,"Office (Management, Information, Professional Services)",555 Mission Street,Steel Braced Frame,35,1.931241112847632E-7,-122.398215586,37.788516675,0.519
InterContinental San Francisco,"Hotels, Visitor Services",888 Howard Street,RC Shear Wall,35,3.1211877032338003E-7,-122.40496138200001,37.781673276,0.539
St. Regis San Francisc.. [St. Regis San Francisc.*,Mixed Uses (With Residential),125 3rd Street,RC Shear Wall,42,2.6957525874424297E-7,-122.401466962,37.785988987,0.527
One Rincon Hill North,Residential,401 Harrison Street,RC Shear Wall,47,1.0510882954484564E-7,-122.39202683,37.786226594,0.513
Infinity (B) North,Residential,301 Main Street,RC Shear Wall,36,1.1043124955662576E-7,-122.391190328,37.789469803,0.508
Infinity (D) South,Residential,338 Spear Street,RC Shear Wall,41,9.891186353343393E-8,-122.39066019899998,37.789252835,0.507
The Metropolitan I [The Metropolitan],Residential,355 1st Street,RC Shear Wall,28,9.97523886780194E-8,-122.39349177900002,37.786687472,0.515
The Paramount,Residential,680 Mission Street,RC Shear Wall,41,2.8096829083310603E-7,-122.40177632200002,37.787081194,0.526
The Watermark,Residential,501 Beale Street,RC Shear Wall,22,1.9551662544656136E-7,-122.389078504,37.785962578,0.51
BridgeView,Residential,400 Beale Street,RC Shear Wall,26,1.6650269444366481E-7,-122.39069681000001,37.786658589,0.511
Avalon Towers,Residential,388 Beale Street,RC Shear Wall,20,2.831880099729324E-7,-122.39205561900002,37.78800635,0.511
55 2nd Street,"Office (Management, Information, Professional Services)",55 2nd Street,Steel Braced Frame,25,1.899033945392721E-7,-122.400258744,37.788545555,0.522
GAP Building,"Office (Management, Information, Professional Services)",2 Folsom Street,RC Shear Wall,15,6.244049051840741E-7,-122.390964217,37.790304431,0.507
JPMorgan Chase,"Office (Management, Information, Professional Services)",560 Mission Street,Steel Braced Frame,31,1.8189381256559067E-7,-122.399354047,37.788525599,0.521
33 New Montgomery Street,"Office (Management, Information, Professional Services)",33 New Montgomery Street,Steel Braced Frame,19,1.1684837541574792E-7,-122.401451306,37.788384374,0.524
150 California Street,"Office (Management, Information, Professional Services)",150 California Street,Steel Braced Frame,23,1.260267530351649E-7,-122.398678082,37.793493388,0.513
101 2nd Street,"Office (Management, Information, Professional Services)",101 2nd Street,Steel Moment Frame,25,2.351850992447883E-7,-122.39909199,37.788377963,0.521
W Hotel,"Hotels, Visitor Services",181 3rd Street,RC Shear Wall,31,1.7558717147652515E-7,-122.40051450600001,37.78521078,0.527
199 Fremont Street,"Office (Management, Information, Professional Services)",199 Fremont Street,Steel Braced Frame,28,1.9240978674398314E-7,-122.394757579,37.789725783,0.513
Four Seasons Hotel,"Hotels, Visitor Services",757 Market Street,Steel Braced Frame,36,4.351439331965634E-7,-122.40366118,37.786191177,0.53
235 Pine Street,Residential,235 Pine Street,Steel Braced Frame,25,8.207196190527492E-8,-122.400375814,37.791815687,0.518
160 Spear Street,"Office (Management, Information, Professional Services)",160 Spear Street,RC Shear Wall,19,1.3293249855544688E-7,-122.39375388000002,37.791087255,0.509
505 Montgomery,"Office (Management, Information, Professional Services)",505 Montgomery Street,Steel Moment Frame,24,1.3123936595474634E-7,-122.40350248100002,37.79379736400001,0.52
600 California Street,Mixed Uses (Without Residential),600 California Street,Steel Braced Frame,20,1.2432091603184066E-7,-122.404671361,37.79319812600001,0.523
121 Spear Street,Mixed Uses (With Residential),121 Spear Street,RC Shear Wall,24,4.840196149648995E-7,-122.392501194,37.791485568,0.507
135 Main Street,"Office (Management, Information, Professional Services)",135 Main Street,Steel Moment Frame,22,1.1785839131206475E-7,-122.39408442400001,37.791350794,0.51
Park Hyatt,"Hotels, Visitor Services",333 Battery Street,Steel Moment Frame,27,1.3622013344484767E-7,-122.40043483800001,37.794606884,0.514
Spear Street Terrace,"Office (Management, Information, Professional Services)",201 Spear Street,Steel Moment Frame,18,1.4913963357761182E-7,-122.391860093,37.790967701,0.507
Hills Plaza,Mixed Uses (With Residential),345 Spear Street,Steel Moment Frame,18,6.473203140882416E-7,-122.38998123200001,37.789637069,0.506
Marriott Hotel and Convention Center,"Hotels, Visitor Services",55 4th Street,Steel Moment Frame,38,8.6156208996646E-7,-122.405042868,37.785961552,0.533
Embarcadero West,"Office (Management, Information, Professional Services)",275 Battery Street,Steel Moment Frame,33,1.446910787962535E-7,-122.40063005700001,37.793679987,0.516
100 First Street,"Office (Management, Information, Professional Services)",100 First Street,Steel Braced Frame,27,1.938340547351819E-7,-122.397535382,37.78904302,0.517
301 Howard Street,Mixed Uses (Without Residential),301 Howard Street,Steel Moment Frame,23,1.3345600615562875E-7,-122.394330255,37.789333109,0.513
123 Mission Street,"Office (Management, Information, Professional Services)",123 Mission Street,Steel Moment Frame,29,1.2094462461248867E-7,-122.39434572499998,37.791639162,0.51
Hawthorne Plaza,"Office (Management, Information, Professional Services)",75 Hawthorne Street,Steel Moment Frame,21,1.991339606022656E-7,-122.397931341,37.78529632400001,0.523
Hotel Nikko,"Hotels, Visitor Services",222 Mason Street,Steel Moment Frame,25,2.651155476120261E-7,-122.40938025200002,37.785411124,0.54
88 Kearny Street,Mixed Uses (Without Residential),88 Kearny Street,Steel Moment Frame,22,9.298948704582825E-8,-122.403163796,37.788767054,0.526
333 Bush Street,Mixed Uses (With Residential),333 Bush Street,Steel Moment Frame,41,1.5437523590830602E-7,-122.40316099600001,37.790412413,0.524
Stevenson Place,"Office (Management, Information, Professional Services)",71 Stevenson Street,Steel Moment Frame,25,1.8725381010441978E-7,-122.39972117400002,37.789584782,0.52
388 Market Street,Mixed Uses (With Residential),388 Market Street,Steel Moment Frame,26,1.2667874982181088E-7,-122.39831054100001,37.79207969,0.515
455 Market Street,"Office (Management, Information, Professional Services)",455 Market Street,Steel Moment Frame,23,1.3003863178237228E-7,-122.398246538,37.790490074,0.516
345 California Street,Mixed Uses (With Residential),345 California Street,Steel Braced Frame,47,3.31426836548957E-7,-122.40085312299999,37.792343181,0.518
United Commercial Bank,"Office (Management, Information, Professional Services)",555 Montgomery Street,Steel Moment Frame,19,1.2019369064353893E-7,-122.40360525599999,37.794253198,0.52
100 Spear Street,"Office (Management, Information, Professional Services)",100 Spear Street,Steel Moment Frame,22,9.639706656909211E-8,-122.393961643,37.791985258,0.509
Parc 55 San Francisco,"Hotels, Visitor Services",55 Cyril Magnin Street,Steel Moment Frame,33,3.682803292825282E-7,-122.409191596,37.784473685,0.541
Westin San Francisco,"Hotels, Visitor Services",50 3rd Street,Steel Moment Frame,36,3.1786102479609463E-7,-122.40308915899999,37.786201156,0.53
150 Spear Street,"Office (Management, Information, Professional Services)",150 Spear Street,Steel Moment Frame,18,1.3587066341954612E-7,-122.393597931,37.791544287,0.509
50 Fremont Street,"Office (Management, Information, Professional Services)",50 Fremont Street,Steel Moment Frame,43,1.8625867633294892E-7,-122.39721786200002,37.79025308,0.515
Citicorp Center,"Office (Management, Information, Professional Services)",1 Sansome Street,Steel Moment Frame,41,1.3190818017174221E-7,-122.401038364,37.790289808000004,0.521
456 Montgomery Plaza,"Office (Management, Information, Professional Services)",456 Montgomery Street,Steel Braced Frame,26,9.981970940983695E-8,-122.40255661600001,37.793464757,0.519
1275 Market Street,"Office (Management, Information, Professional Services)",1275 Market Street,Steel Moment Frame,17,2.7958346339499363E-7,-122.415675276,37.777172012,0.563
Montgomery Washington Tower,Mixed Uses (With Residential),655 Montgomery Street,Steel Moment Frame,25,1.3818099260334245E-7,-122.40376746700001,37.795046861,0.519
353 Sacramento,"Office (Management, Information, Professional Services)",353 Sacramento Street,Steel Moment Frame,23,1.3587979005343473E-7,-122.399489432,37.793812125,0.514
Providian Financial Building,Mixed Uses (Without Residential),201 Mission Street,Steel Braced Frame,30,3.487659318002226E-7,-122.39453130600002,37.790831947,0.511
1 Ecker Square,"Office (Management, Information, Professional Services)",25 Jessie Street,Steel Moment Frame,18,5.2611601596978455E-8,-122.39865265999998,37.789516719,0.518
101 Montgomery Street,"Office (Management, Information, Professional Services)",101 Montgomery Street,Steel Moment Frame,29,8.220361404772773E-8,-122.402351823,37.790225653,0.523
580 California Street,"Office (Management, Information, Professional Services)",580 California Street,Steel Braced Frame,23,1.408410542838294E-7,-122.40430052399999,37.792781498,0.523
101 California Street,Mixed Uses (Without Residential),101 California Street,RC Shear Wall,48,3.9384008407256386E-7,-122.39846800800001,37.792529537,0.514
601 Montgomery Street,Residential,601 Montgomery Street,Steel Moment Frame,20,1.2282759580622158E-7,-122.403697239,37.794673635,0.519
Two Transamerica Center,"Office (Management, Information, Professional Services)",505 Sansome Street,Steel Moment Frame,19,8.629416699404525E-8,-122.401899402,37.794901465,0.516
Telesis Tower,"Office (Management, Information, Professional Services)",120 Kearny Street,Steel Moment Frame,39,1.7745654942281868E-7,-122.403049303,37.789396975,0.525
Four Embarcadero Cente.. [Embarcadero Center],"Office (Management, Information, Professional Services)",150 Drumm Street,Steel Moment Frame,44,3.015800146258735E-7,-122.39647931600001,37.795048165,0.508
Shaklee Terraces,"Office (Management, Information, Professional Services)",444 Market Street,Steel Moment Frame,38,1.969686399525818E-7,-122.39918753899998,37.791493896,0.517
Bechtel Building,"Office (Management, Information, Professional Services)",45 Fremont Street,Unknown,34,1.67441866698547E-7,-122.39711309900001,37.790982287,0.514
Bank of the West,"Office (Management, Information, Professional Services)",180 Montgomery Street,Steel Moment Frame,25,1.1169840503996095E-7,-122.40218353,37.790592238,0.522
California Building,"Office (Management, Information, Professional Services)",350 California Street,Steel Moment Frame,22,1.4221343302463692E-7,-122.40102009500002,37.793205607,0.517
333 Market Street,"Office (Management, Information, Professional Services)",333 Market Street,Steel Moment Frame,32,1.7065308262210337E-7,-122.397343558,37.792199401,0.513
595 Market Street,"Office (Management, Information, Professional Services)",595 Market Street,Steel Moment Frame,30,1.7191099719608974E-7,-122.400454013,37.789249923,0.521
Spear Tower,Mixed Uses (Without Residential),1 Market Street,Steel Moment Frame,43,1.7889916713335098E-7,-122.394434159,37.793026925,0.508
Bank of America Computer Center,"Office (Management, Information, Professional Services)",1455 Market Street,Steel Moment Frame,21,0.0000011219131700676664,-122.41711557400001,37.774490591,0.57
Steuart Tower,Mixed Uses (Without Residential),1 Market Street,Steel Moment Frame,28,1.2429019462237974E-7,-122.39383101,37.793604586,0.506
Hyatt Regency,"Hotels, Visitor Services",5 The Embarcadero,Steel Moment Frame,18,7.011588051368206E-7,-122.396240681,37.794581651,0.509
Holiday Inn,"Hotels, Visitor Services",1500 Van Ness Avenue,Steel Moment Frame,26,2.661911907641997E-7,-122.42156120099999,37.79002963,0.554
San Francisco Marriott Union Square or Crowne Plaza,"Hotels, Visitor Services",480 Sutter Street,Steel Moment Frame,27,1.6075274263286157E-7,-122.40804589199999,37.789412995,0.532
California Automobile Association Building,"Office (Management, Information, Professional Services)",100 Van Ness Avenue,Steel Moment Frame,29,1.3067822554907531E-7,-122.419041385,37.776863275,0.569
425 Market Street,Mixed Uses (Without Residential),425 Market Street,Steel Moment Frame,38,2.499062539769695E-7,-122.39806521,37.790880956,0.516
Transamerica Pyramid [Transamerica Center],"Office (Management, Information, Professional Services)",600 Montgomery Street,Steel Moment Frame,50,2.849049138898934E-7,-122.40300796500001,37.794900333,0.518
100 Pine Center,"Office (Management, Information, Professional Services)",100 Pine Street,Steel Moment Frame,35,1.2083157313930462E-7,-122.39883698900002,37.792772357,0.514
First Market Tower,"Office (Management, Information, Professional Services)",525 Market Street,Steel Moment Frame,37,2.5609550995314626E-7,-122.399184552,37.79019478,0.518
Chevron Tower [Market Center],"Office (Management, Information, Professional Services)",575 Market Street,Steel Moment Frame,43,1.120883550434168E-7,-122.400256617,37.789344817,0.521
50 California Street,"Office (Management, Information, Professional Services)",50 California Street,Steel Moment Frame,37,2.183880580595598E-7,-122.397520904,37.793789171,0.511
PacBell Center,"Office (Management, Information, Professional Services)",611 Folsom Street,Steel Moment Frame,9,2.1552687937969759E-7,-122.396434558,37.784658194,0.522
Two Embarcadero Center [Embarcadero Center],"Office (Management, Information, Professional Services)",201 Clay Street,Steel Moment Frame,28,2.659410175144267E-7,-122.39883255700002,37.794899395,0.512
Hilton Financial District,"Hotels, Visitor Services",750 Kearny Street,Steel Moment Frame,26,2.11549228721169E-7,-122.404502709,37.794955173,0.52
Hilton San Francisco &.. [Hilton San Francisco &..],"Hotels, Visitor Services",330 Taylor Street,Steel Moment Frame,43,8.0808784679356E-8,-122.410802283,37.78523381,0.543
Three Embarcadero Cent.. [Embarcadero Center],"Office (Management, Information, Professional Services)",101 Clay Street,Steel Moment Frame,31,2.262390387574792E-7,-122.39771804000002,37.794933837,0.51
Pacific Gas & Electric Building,"Office (Management, Information, Professional Services)",77 Beale Street,Steel Moment Frame,34,2.3291569665487969E-7,-122.39581491200002,37.791488843,0.512
Bank of California Building,"Office (Management, Information, Professional Services)",400 California Street,RC Shear Wall,22,9.706115027841719E-8,-122.4015972,37.793182439,0.518
Grand Hyatt San Francisco,"Hotels, Visitor Services",345 Stockton Street,Steel Moment Frame,38,1.0747431407538941E-7,-122.40710248899998,37.789319049,0.531
555 California Street,"Office (Management, Information, Professional Services)",555 California Street,Steel Moment Frame,52,2.682591069796755E-7,-122.40408483199998,37.791880023,0.523
475 Sansome Street,"Office (Management, Information, Professional Services)",475 Sansome Street,Steel Moment Frame,21,1.9109936483650486E-7,-122.40221473600002,37.794397126,0.517
The Westin St. Francis.. [The Westin St. Francis],"Hotels, Visitor Services",335 Powell Street,Steel Moment Frame,31,1.4543061214468267E-7,-122.409354565,37.787508477,0.537
McKesson Plaza,"Office (Management, Information, Professional Services)",1 Post Street,Steel Moment Frame,38,1.074076493866176E-7,-122.402781858,37.788614588,0.526
One Embarcadero Center [Embarcadero Center],"Office (Management, Information, Professional Services)",301 Clay Street,Steel Moment Frame,44,1.833493366679055E-7,-122.400002898,37.79445071,0.514
425 California Street,"Office (Management, Information, Professional Services)",425 California Street,Steel Moment Frame,28,5.7640839990631017E-8,-122.40123268,37.7929339,0.518
The Summit,Residential,999 Green Street,RC Shear Wall,24,1.218798402404097E-7,-122.41535475800002,37.798262024,0.533
Bechtel Building,"Office (Management, Information, Professional Services)",50 Beale Street,Steel Moment Frame,24,2.63424843995705E-7,-122.396332631,37.790918291,0.513
The Sequoias,Residential,1400 Geary Blvd,Steel Moment Frame,28,8.240165495648007E-8,-122.426984767,37.785628198,0.57
Insurance Center Building,"Office (Management, Information, Professional Services)",450 Sansome Street,Steel Moment Frame,19,7.491051612407191E-8,-122.400927427,37.794560735,0.515
Beal Bank Building,"Office (Management, Information, Professional Services)",180 Sansome Street,Steel Moment Frame,17,7.863189063431661E-8,-122.40040224199998,37.791825581000005,0.518
One California,"Office (Management, Information, Professional Services)",1 California Street,Steel Moment Frame,32,1.6883258883288588E-7,-122.39734801000002,37.7930143,0.512
PacBell - Pine Street Building,"Office (Management, Information, Professional Services)",555 Pine Street,RC Shear Wall,17,1.770627047487484E-7,-122.404687727,37.791272456,0.525
Fontana West,Residential,1050 North Point Street,RC Shear Wall,18,7.501581748111473E-8,-122.42501754,37.80522625100001,0.542
Fontana East,Residential,1000 North Point Street,RC Shear Wall,18,7.671560514895911E-8,-122.424393213,37.805429954,0.54
One Maritime Plaza (Golden Gateway Office Building),Mixed Uses (With Residential),300 Clay Street,Steel Moment Frame,25,2.689445760148343E-7,-122.399088879,37.795965217,0.511
Royal Towers,Residential,1750 Taylor Street,RC Shear Wall,24,1.6702230038910086E-7,-122.413287298,37.798614261,0.53
44 Montgomery,"Office (Management, Information, Professional Services)",44 Montgomery Street,Steel Moment Frame,43,1.610585217474994E-7,-122.401967325,37.789527461,0.523
10 Miller,Residential,10 Miller Place,RC Shear Wall,22,4.202304656949178E-8,-122.40896111500001,37.793096313,0.529
555 Market [Market Center],"Office (Management, Information, Professional Services)",555 Market Street,Unknown,22,1.9215255222331206E-7,-122.399884185,37.789640897,0.52
Cathedral Hill Tower,Residential,1200 Gough Street,RC Shear Wall,24,6.316574949375869E-8,-122.42428188599999,37.784808461,0.566
Hartford Building,"Office (Management, Information, Professional Services)",650 California Street,Steel Moment Frame,33,1.419775935890491E-7,-122.405369088,37.79266831,0.524
Archstone Fox Plaza,Mixed Uses (With Residential),1390 Market Street,Steel Moment Frame,29,1.6255506416508988E-7,-122.417578092,37.777354099,0.566
Green Hill Tower,Residential,1070 Green Street,Steel Moment Frame,20,6.128827523079003E-8,-122.41672143699999,37.798967376,0.535
Pacific Heights Towers,Residential,2200 Sacramento Street,Unknown,20,1.106389877597409E-7,-122.429692293,37.790489341,0.568
Nob Hill Community Apartments,Residential,1170 Sacramento Street,RC Shear Wall,19,8.354937324784105E-8,-122.41221151700002,37.792685022,0.535
Pacific Telephone Building,"Office (Management, Information, Professional Services)",680 Folsom Street,Steel Moment Frame,13,2.703808150082878E-7,-122.39870505599998,37.784254468,0.526
Fairmont Hotel Tower [The Fairmont San Franc..],"Hotels, Visitor Services",950 Mason Street,Unknown,28,8.731151359987368E-8,-122.409435577,37.792713174,0.53
111 Pine Street,"Office (Management, Information, Professional Services)",111 Pine Street,Unknown,19,1.0681890019112448E-7,-122.39908756300001,37.792005547,0.516
Twelve Hundred California,Residential,1200 California Street,Steel Moment Frame,26,9.88108037532309E-8,-122.414573992,37.79148699200001,0.54
Macondray House [Golden Gateway Center],Residential,405 Davis Court,RC Shear Wall,25,7.607709576698198E-8,-122.39853233100001,37.796230184,0.51
Buckelew House [Golden Gateway Center],Residential,155 Jackson Street,RC Shear Wall,25,7.608215056246246E-8,-122.399245484,37.796640415,0.51
International Building,"Office (Management, Information, Professional Services)",601 California Street,RC Shear Wall,22,1.229045085963234E-7,-122.404849942,37.79217306900001,0.524
Hilton San Francisco &.. [Hilton San Francisco &..],"Hotels, Visitor Services",201 Mason Street,RC Shear Wall,19,5.016127022309057E-7,-122.40978272100001,37.786108751,0.54
Philip Burton Federal Building,"Office (Management, Information, Professional Services)",450 Golden Gate Avenue,Unknown,21,5.79242058314633E-7,-122.418195627,37.781658682,0.56
One Bush Plaza,"Office (Management, Information, Professional Services)",1 Bush Street,RC Shear Wall,19,1.4730834191850895E-7,-122.400104064,37.790779503,0.519
UCSF Medical Center Parnassus,Medical,500 Parnassus Avenue,Steel Moment Frame,13,0.0000010885411070165927,-122.45793445200002,37.76239346,0.678
Shell Building,"Office (Management, Information, Professional Services)",100 Bush Street,Steel Moment Frame,23,1.4510719015195695E-7,-122.39979724799998,37.791771953,0.517
Sir Francis Drake Hotel,"Hotels, Visitor Services",450 Powell Street,Steel Moment Frame,23,9.631804152983101E-8,-122.408059106,37.789090253,0.533
Equitable Life,"Office (Management, Information, Professional Services)",100 Montgomery Street,RC Shear Wall,25,1.9011083299994884E-7,-122.40209643900002,37.790156025,0.522
JH Dollar Building,"Office (Management, Information, Professional Services)",351 California Street,Steel Moment Frame,13,8.15790826433906E-8,-122.40092330200001,37.792737917,0.518
Mills Tower [The Mills Building],"Office (Management, Information, Professional Services)",220 Bush Street,Steel Moment Frame,22,5.758359517321786E-8,-122.40126903000001,37.791586539,0.519
450 Sutter,"Office (Management, Information, Professional Services)",450 Sutter Street,Unknown,26,2.066937097893067E-7,-122.407671335,37.789924511,0.531
McAllister Tower Apartments,"Hotels, Visitor Services",100 McAllister Street,Steel Moment Frame,27,1.604931600195534E-7,-122.413892999,37.781374331,0.554
Bellaire Tower,Residential,1101 Green Street,Steel Moment Frame,20,3.656065814467177E-8,-122.41727265799999,37.798136582,0.537
Russ Building,"Office (Management, Information, Professional Services)",235 Montgomery Street,Steel Moment Frame,32,3.807070033652548E-7,-122.40268274800002,37.791786640000005,0.521
Hunter-Dulin Building,"Office (Management, Information, Professional Services)",111 Sutter Street,Steel Moment Frame,24,1.1951609065558987E-7,-122.402236182,37.789666432,0.523
Cathedral Apartments,Residential,1201 California Street,Steel Moment Frame,16,9.941288452883456E-8,-122.414462231,37.790881786,0.541
The Mark Hopkins Hotel,"Hotels, Visitor Services",999 California Street,Steel Moment Frame,20,3.29841972124275E-7,-122.410486668,37.791164698,0.534
Pac Bell Building,"Office (Management, Information, Professional Services)",140 New Montgomery Street,Steel Moment Frame,26,1.1271734052987594E-7,-122.399770639,37.786505638,0.524
PG&E Headquarters,"Office (Management, Information, Professional Services)",245 Market Street,RC Shear Wall,19,6.8729947279628E-7,-122.39636212500001,37.792291262,0.512
225 Bush Street,"Office (Management, Information, Professional Services)",225 Bush Street,Unknown,22,2.586341852508679E-7,-122.40103557700002,37.790881577,0.52
Commercial Union Assurance Building,"Office (Management, Information, Professional Services)",315 Montgomery Street,Steel Moment Frame,16,1.2911623943093886E-7,-122.40317134000001,37.79192899,0.522
Southern Pacific Building,"Office (Management, Information, Professional Services)",1 Market Street,RC Shear Wall,14,3.681045614811337E-7,-122.39488528,37.793355747,0.508
San Francisco City Hall,"Office (Management, Information, Professional Services)",1 Dr Carlton B Goodlett Place,RC Shear Wall,5,0.00000110110741263277,-122.41953322000002,37.778657198,0.567
Hobart Building,"Office (Management, Information, Professional Services)",582 Market Street,Unknown,21,5.221581255097311E-8,-122.40166810099998,37.789567894,0.523
Humboldt Bank Building,"Office (Management, Information, Professional Services)",785 Market Street,Unknown,19,6.491899940303237E-8,-122.40512023100001,37.785933703000005,0.533
Central Tower,"Office (Management, Information, Professional Services)",703 Market Street,Unknown,21,4.1683748222885044E-8,-122.40357645600001,37.787049942,0.529
Ferry Building,"Cultural, Institutional, Educational",One Ferry Building,Unknown,12,0.0000010122205406330407,-122.392950833,37.794691694,0.504
Ritz-Carlton Club and Residences,Residential,690 Market Street,Unknown,24,1.09990766622742E-7,-122.402966935,37.788313651,0.526
